{"cameraMode":{"drawMode":0,"name":"Shaded","section":"Shading Mode"},"sceneLighting":false,"audioPlay":false,"sceneViewState":{"m_AlwaysRefresh":false,"showFog":true,"showSkybox":false,"showFlares":true,"showImageEffects":true,"showParticleSystems":true,"showVisualEffectGraphs":true,"m_FxEnabled":true},"in2DMode":false,"pivot":{"x":1.9208639860153199,"y":5.618685245513916,"z":0.20668931305408479},"rotation":{"x":0.03448642045259476,"y":-0.018242914229631425,"z":0.0006903113098815084,"w":0.999200701713562},"size":2.8707141876220705,"orthographic":false}