{"cameraMode":{"drawMode":0,"name":"Shaded","section":"Shading Mode"},"sceneLighting":true,"audioPlay":false,"sceneViewState":{"m_AlwaysRefresh":false,"showFog":true,"showSkybox":true,"showFlares":true,"showImageEffects":true,"showParticleSystems":true,"showVisualEffectGraphs":true,"m_FxEnabled":true},"in2DMode":false,"pivot":{"x":0.8064165115356445,"y":41.873836517333987,"z":-38.78951644897461},"rotation":{"x":-0.20169779658317567,"y":0.0035862147342413666,"z":-0.0010564419208094478,"w":-0.9794796705245972},"size":0.8660253882408142,"orthographic":false}