{"cameraMode":{"drawMode":0,"name":"Shaded","section":"Shading Mode"},"sceneLighting":true,"audioPlay":false,"sceneViewState":{"m_AlwaysRefresh":false,"showFog":true,"showSkybox":true,"showFlares":true,"showImageEffects":true,"showParticleSystems":true,"showVisualEffectGraphs":true,"m_FxEnabled":true},"in2DMode":false,"pivot":{"x":-0.09961533546447754,"y":5.241477966308594,"z":-9.719078063964844},"rotation":{"x":0.20395706593990327,"y":-0.02960478700697422,"z":0.006219265982508659,"w":0.9784764051437378},"size":0.22008807957172395,"orthographic":false}