{"cameraMode":{"drawMode":0,"name":"Shaded","section":"Shading Mode"},"sceneLighting":false,"audioPlay":false,"sceneViewState":{"m_AlwaysRefresh":false,"showFog":true,"showSkybox":false,"showFlares":true,"showImageEffects":true,"showParticleSystems":true,"showVisualEffectGraphs":true,"m_FxEnabled":true},"in2DMode":false,"pivot":{"x":-0.879283607006073,"y":2.1731221675872804,"z":-1.6450459957122803},"rotation":{"x":0.11522875726222992,"y":-0.013657968491315842,"z":0.0016458715545013548,"w":0.9932063817977905},"size":1.1528851985931397,"orthographic":false}