{"cameraMode":{"drawMode":0,"name":"Shaded","section":"Shading Mode"},"sceneLighting":false,"audioPlay":false,"sceneViewState":{"m_AlwaysRefresh":false,"showFog":true,"showSkybox":false,"showFlares":true,"showImageEffects":true,"showParticleSystems":true,"showVisualEffectGraphs":true,"m_FxEnabled":true},"in2DMode":false,"pivot":{"x":-0.16581843793392182,"y":0.856030285358429,"z":-4.105478763580322},"rotation":{"x":0.12860865890979768,"y":0.022062819451093675,"z":-0.0028004550840705635,"w":0.9914085865020752},"size":0.8660253882408142,"orthographic":false}